gene_id,Description,all_mean,mean_cv
ENSG00000002016.16,RAD52,6.492253436528699,72.83352590761842
ENSG00000003147.17,ICA1,36.35685974442588,35.940839784013775
ENSG00000004487.15,KDM1A,27.47695042128436,24.634953360433723
ENSG00000004766.15,VPS50,16.67505160217455,48.83304179213385
ENSG00000004809.13,SLC22A16,4.114477868317549,91.34053724450574
ENSG00000005243.9,COPZ2,12.246948499167368,61.634047971976
ENSG00000005469.11,CROT,4.177627310294582,57.13363092797937
ENSG00000005812.10,FBXL3,34.47615837890749,30.30239012228314
ENSG00000006625.17,GGCT,14.14013103297967,48.637926382202025
ENSG00000006695.10,COX10,10.491338153153873,50.85644212481037
ENSG00000006831.9,ADIPOR2,21.263785773168415,41.69047425209949
ENSG00000007350.16,TKTL1,8.26247353474552,74.73465836115047
ENSG00000008294.20,SPAG9,33.61280335778825,36.0684841110459
ENSG00000010219.13,DYRK4,17.81921188162632,54.88980117847485
ENSG00000010404.17,IDS,160.01969453722018,28.253700640642393
ENSG00000011009.10,LYPLA2,89.79840383981502,34.66412680246673
ENSG00000011198.7,ABHD5,22.47508571953216,35.422223959111996
ENSG00000012174.11,MBTPS2,1.254066478930744,74.72617711379284
ENSG00000013016.14,EHD3,60.53952995145987,34.156388070386754
ENSG00000013503.9,POLR3B,2.6526894760397797,68.41936587974088
ENSG00000015171.18,ZMYND11,46.34057163068216,25.661998405021087
ENSG00000020181.17,ADGRA2,3.2322501493518105,78.64867398937726
ENSG00000020922.12,MRE11A,13.178968147387351,46.65200944613664
ENSG00000021300.13,PLEKHB1,26.441199544346993,70.61507426746525
ENSG00000025039.14,RRAGD,10.271395241616853,40.316158813231866
ENSG00000026103.19,FAS,15.93086163054626,55.09379388266336
ENSG00000030582.16,GRN,88.74792789169017,46.114352687314955
ENSG00000034693.14,PEX3,7.79698389105592,57.2439796603167
ENSG00000036257.12,CUL3,41.29509727925995,27.699964397585973
ENSG00000037042.8,TUBG2,6.676896340355738,69.66505066371157
ENSG00000038002.8,AGA,10.013266591141166,68.27861559216063
ENSG00000041988.15,THAP3,8.53949168210328,55.900826607947664
ENSG00000044115.20,CTNNA1,103.83835199432755,33.384988762731055
ENSG00000046647.13,GEMIN8,7.086036971567467,71.20234486766387
ENSG00000048342.15,CC2D2A,4.248195227738805,88.32555236841574
ENSG00000049130.13,KITLG,9.90441201768824,52.017569927279666
ENSG00000051341.13,POLQ,1.9078137719565336,71.30349883068712
ENSG00000053372.4,MRTO4,9.074518143460926,49.97650835415076
ENSG00000054116.11,TRAPPC3,56.62595167986111,31.131780731854512
ENSG00000054282.15,SDCCAG8,24.95425107500675,38.367357344790065
ENSG00000055118.14,KCNH2,17.322248227311924,53.230499790048626
ENSG00000058063.15,ATP11B,35.537417929910326,32.503051054318455
ENSG00000059728.10,MXD1,74.19227220926028,20.947021126623486
ENSG00000061676.14,NCKAP1,25.54977518238613,33.12484015305742
ENSG00000062822.12,POLD1,18.553019844730574,44.03967483626194
ENSG00000063176.15,SPHK2,15.64345661897496,69.24009917762989
ENSG00000064547.13,LPAR2,12.030031076484612,73.9478624752374
ENSG00000064652.10,SNX24,15.087649178610514,62.0256619376553
ENSG00000064961.18,HMG20B,88.63988963802943,26.523671456475206
ENSG00000064989.12,CALCRL,11.067386462832156,54.24785632884405
ENSG00000065154.11,OAT,14.18849870230648,32.110106218689566
ENSG00000065615.13,CYB5R4,34.638941356797595,40.82493608292803
ENSG00000065978.17,YBX1,1086.880225079103,16.529518708081536
ENSG00000066933.15,MYO9A,16.068319923954896,45.78436544472492
ENSG00000067182.7,TNFRSF1A,51.487717031299894,39.762074816630836
ENSG00000067248.9,DHX29,10.551992785258356,28.758588492024497
ENSG00000067840.12,PDZD4,16.503810843303395,46.87821929364803
ENSG00000068308.13,OTUD5,55.9768766542786,35.58138005779741
ENSG00000068438.14,FTSJ1,25.804709129929343,45.3829892797377
ENSG00000069122.18,ADGRF5,9.0887828761839,54.84117341363806
ENSG00000070081.15,NUCB2,45.15024269702181,35.212655344750644
ENSG00000070087.13,PFN2,8.388847623603912,71.06368406022841
ENSG00000070269.13,TMEM260,9.291168792178896,66.18958608046096
ENSG00000070770.8,CSNK2A2,24.119319326154898,28.89528592233541
ENSG00000071243.15,ING3,21.17505880734712,33.02443440417871
ENSG00000072274.12,TFRC,86.1942023547717,28.673520298912827
ENSG00000073711.10,PPP2R3A,1.3175797844230994,84.49726892173649
ENSG00000074266.17,EED,13.611255019744794,26.094367947053147
ENSG00000075340.22,ADD2,16.419717567753583,53.90905435551309
ENSG00000075407.17,ZNF37A,3.438184550755432,42.45909206024329
ENSG00000075420.12,FNDC3B,199.65354971478052,47.02823712569212
ENSG00000075785.12,RAB7A,215.2328703310457,20.919616134482894
ENSG00000076053.10,RBM7,27.205877124000644,47.48386638009814
ENSG00000076067.11,RBMS2,32.57133059802728,31.86164065662245
ENSG00000076513.16,ANKRD13A,66.07652340367655,26.6175876440496
ENSG00000077063.10,CTTNBP2,2.5742953220110505,113.31426911038285
ENSG00000077232.16,DNAJC10,8.535711442613584,45.40661300035484
ENSG00000077312.8,SNRPA,56.07265763327473,47.20923164808658
ENSG00000077514.8,POLD3,8.97564733120268,49.8419642677247
ENSG00000077984.5,CST7,136.89342029660534,33.09651071780101
ENSG00000078177.13,N4BP2,3.2931946511414467,49.04728670478233
ENSG00000079134.11,THOC1,9.366417029665836,47.124445304115525
ENSG00000079332.14,SAR1A,44.3095096042535,30.983888393997763
ENSG00000079482.12,OPHN1,53.12149951559915,57.43753748310463
ENSG00000081181.7,ARG2,17.79330389861683,59.7796852636327
ENSG00000081803.15,CADPS2,3.723818702686576,48.964957841979285
ENSG00000081870.11,HSPB11,21.392075917121133,38.6543603708465
ENSG00000082438.15,COBLL1,17.024138479013867,40.57684453644646
ENSG00000083099.10,LYRM2,12.392088486656064,56.08082961919197
ENSG00000083457.11,ITGAE,31.217678551768454,36.817538824798284
ENSG00000083750.12,RRAGB,7.777028675908516,79.3792618352556
ENSG00000083857.13,FAT1,1.7868306341177511,95.67295949896705
ENSG00000084710.13,EFR3B,2.027992560281559,92.97486795136693
ENSG00000084731.13,KIF3C,22.709605236021808,52.800194001922954
ENSG00000084733.10,RAB10,143.8731376844399,21.32069967126924
ENSG00000085224.20,ATRX,62.276034034433536,28.619464726175153
ENSG00000085265.10,FCN1,153.11011621180432,19.507688367356767
ENSG00000085788.13,DDHD2,49.85335573943519,36.36674776836391
ENSG00000086102.18,NFX1,72.33551231426851,50.46659928073197
ENSG00000086289.11,EPDR1,6.77199412177522,81.990186665616
ENSG00000086548.8,CEACAM6,5.20048976067945,78.63345345727559
ENSG00000086848.14,ALG9,8.614807605354134,53.92493515526084
ENSG00000087448.9,KLHL42,4.4244839817180885,61.86692910581385
ENSG00000087495.16,PHACTR3,5.632024873589095,68.32172152524276
ENSG00000088179.8,PTPN4,85.4582091863249,39.067447503139014
ENSG00000088448.14,ANKRD10,28.40222778022751,30.24540056193774
ENSG00000088451.10,TGDS,5.545893649282864,62.96835932599428
ENSG00000088826.17,SMOX,128.03822649122844,40.447374539788335
ENSG00000089022.13,MAPKAPK5,25.648014133416503,38.88774101838511
ENSG00000089050.14,RBBP9,8.52744048262033,58.098739530767894
ENSG00000089327.14,FXYD5,933.11742269936,19.372535988878063
ENSG00000090006.17,LTBP4,74.80287623926667,47.2881951231729
ENSG00000090238.11,YPEL3,320.5471066741728,18.35468136579728
ENSG00000090382.6,LYZ,591.17262744483,12.863990412557508
ENSG00000090989.17,EXOC1,19.65170082578412,61.82808249211739
ENSG00000091436.16,AC013461.1,7.953163848929883,45.45570545992895
ENSG00000091583.10,APOH,12.40062270573851,68.02772255506805
ENSG00000091732.15,ZC3HC1,22.21417648946189,52.29071544334396
ENSG00000092020.10,PPP2R3C,42.06004091452848,35.772342901297435
ENSG00000092067.5,CEBPE,17.052627219308036,52.59947792523238
ENSG00000092199.17,HNRNPC,349.2901500629897,16.176848535750867
ENSG00000092969.11,TGFB2,7.872205056339264,76.8757301562235
ENSG00000093010.11,COMT,56.95206298928667,47.09382738256317
ENSG00000094914.12,AAAS,15.086249686435815,40.71057202536031
ENSG00000095485.16,CWF19L1,17.40215143165109,42.26225951986183
ENSG00000095739.10,BAMBI,3.285292141457996,77.52438170505783
ENSG00000095951.16,HIVEP1,10.957129823863204,55.32422923457432
ENSG00000099246.16,RAB18,49.676285521565575,33.643675710219576
ENSG00000099282.9,TSPAN15,24.3148173356092,46.05659810651415
ENSG00000099337.4,KCNK6,5.019552691620648,51.816338532281264
ENSG00000099804.8,CDC34,99.08889192355537,32.31829770001261
ENSG00000100104.12,SRRD,11.71420323485616,42.08363079877108
ENSG00000100209.9,HSCB,12.681948968040947,55.64995675069049
ENSG00000100362.12,PVALB,303.5561238573187,30.60454651336633
ENSG00000100365.14,NCF4,107.55295386123746,33.8993634701239
ENSG00000100413.16,POLR3H,24.170899523986385,50.54124469094662
ENSG00000100418.7,DESI1,8.638601851382251,37.4898758564644
ENSG00000100427.15,MLC1,10.670489339508125,55.2111022969627
ENSG00000100445.16,SDR39U1,45.87513327467043,36.77754396987082
ENSG00000100504.16,PYGL,94.56943500275536,26.95379412961479
ENSG00000100532.11,CGRRF1,22.89998846366926,43.95257175689796
ENSG00000100578.14,KIAA0586,9.819682382501998,47.07661485003382
ENSG00000100603.13,SNW1,52.43361224605056,30.205412416361607
ENSG00000100749.7,VRK1,71.96902474187243,27.45213021580526
ENSG00000100814.17,CCNB1IP1,21.453917116165165,42.87074781535068
ENSG00000100815.12,TRIP11,19.38358022900436,39.46261370378149
ENSG00000100836.10,PABPN1,41.4018404575712,38.80599796454481
ENSG00000100911.13,PSME2,108.00292555786984,45.13191753182178
ENSG00000100985.7,MMP9,13.009374863371844,73.56122842340268
ENSG00000101057.15,MYBL2,21.986810100503167,41.153950125648976
ENSG00000101082.13,SLA2,48.54061509955467,23.07777943538266
ENSG00000101160.13,CTSZ,105.62093567311275,29.005559368498577
ENSG00000101290.13,CDS2,35.591100278344385,40.56044049436745
ENSG00000101333.16,PLCB4,8.380516221674256,52.01264218931946
ENSG00000101624.10,CEP76,5.41279440543422,68.84600249844581
ENSG00000101916.11,TLR8,3.2416513325962364,61.99808002673086
ENSG00000101986.11,ABCD1,10.094672782685231,69.70609867739392
ENSG00000102172.15,SMS,26.976865051775125,28.7295872010682
ENSG00000102245.7,CD40LG,6.923485674223033,44.01754021649186
ENSG00000102760.12,RGCC,80.55961929286543,39.59012727765289
ENSG00000102763.15,VWA8,12.706168660863993,46.57687820679563
ENSG00000102780.16,DGKH,5.118938177247399,43.9972220831166
ENSG00000102908.20,NFAT5,28.42014960741002,31.45280674167466
ENSG00000102935.11,ZNF423,8.278118770750165,80.42089617101202
ENSG00000103005.11,USB1,100.2593752250407,38.92964812151435
ENSG00000103194.15,USP10,96.46737379387224,28.684324072910538
ENSG00000103249.17,CLCN7,11.429344884426479,63.93454604688051
ENSG00000103353.15,UBFD1,18.452218638152193,50.86645484071651
ENSG00000103423.13,DNAJA3,19.66438036563792,45.24343983690909
ENSG00000103507.13,BCKDK,31.582473455782573,36.15180270383734
ENSG00000103550.13,KNOP1,8.684215661490681,64.23353637035967
ENSG00000104093.13,DMXL2,11.244659579717432,45.972148414204966
ENSG00000104129.9,DNAJC17,21.805419964705575,49.5294668904431
ENSG00000104324.15,CPQ,19.548504762450474,44.03924109961473
ENSG00000104331.8,IMPAD1,4.261176904291998,53.35888311875079
ENSG00000104432.12,IL7,5.2604474342810414,81.53475539343322
ENSG00000104497.13,SNX16,9.43912276638101,42.612377457291394
ENSG00000104522.15,TSTA3,63.84238298506535,39.953583895677724
ENSG00000104611.11,SH2D4A,3.056567775182963,94.45487492005527
ENSG00000104660.17,LEPROTL1,52.68960007238584,34.91299378595649
ENSG00000104774.12,MAN2B1,87.83028001063107,28.623498653777975
ENSG00000104938.16,CLEC4M,5.865129989482389,86.221416887325
ENSG00000104980.7,TIMM44,27.478449202682324,42.139090099375366
ENSG00000105176.17,URI1,83.26074116625864,30.37430105269395
ENSG00000105281.12,SLC1A5,41.18390091372975,30.54022155996071
ENSG00000105327.15,BBC3,17.8366913835592,35.8728459247365
ENSG00000105329.9,TGFB1,453.8250675086852,17.231801059121743
ENSG00000105371.8,ICAM4,7.789949368695212,72.28970626102905
ENSG00000105576.15,TNPO2,39.56237425652278,41.71967553092386
ENSG00000105607.12,GCDH,12.41964943555119,66.55471279973511
ENSG00000105835.11,NAMPT,386.8538822311132,37.267917589089876
ENSG00000106327.12,TFR2,11.199647202379134,79.09032303977153
ENSG00000106554.11,CHCHD3,12.23574826768343,40.68197568543763
ENSG00000106609.16,TMEM248,42.7221371892878,43.847523774566454
ENSG00000106617.13,PRKAG2,26.438412576811466,31.68399181206908
ENSG00000106723.16,SPIN1,29.003415403655083,36.12781850366051
ENSG00000106780.8,MEGF9,16.675734972972215,26.728053375949727
ENSG00000106993.11,CDC37L1,10.38373320969191,51.80961069081271
ENSG00000107242.17,PIP5K1B,7.98906193426714,41.14827488864195
ENSG00000107518.16,ATRNL1,3.220197887255096,91.4021742436978
ENSG00000107562.16,CXCL12,28.090579718771565,46.63294070159001
ENSG00000107614.21,TRDMT1,5.701557745358753,56.66520622863138
ENSG00000107819.13,SFXN3,19.8209741239343,34.582956006695866
ENSG00000107864.14,CPEB3,2.411936691546753,42.08698992897463
ENSG00000107959.15,PITRM1,16.19878787484646,41.017010936367214
ENSG00000107960.10,OBFC1,19.765752552940185,28.83175456536177
ENSG00000107968.9,MAP3K8,22.519615961840227,35.26413501831092
ENSG00000108309.12,RUNDC3A,11.196518726509138,61.962795446533
ENSG00000108423.14,TUBD1,8.569774575579194,58.154294310190025
ENSG00000108439.9,PNPO,15.65758775016398,51.2259759807908
ENSG00000108561.8,C1QBP,56.30008372294202,28.130529854870822
ENSG00000108691.9,CCL2,10.007391403497383,69.4971314384246
ENSG00000108774.14,RAB5C,215.5063592604245,36.1927946748707
ENSG00000108826.15,MRPL27,49.77579785625753,34.69813222259275
ENSG00000109062.9,SLC9A3R1,227.9634518300928,31.155176760883492
ENSG00000109189.12,USP46,7.0604710158680675,58.76974752224466
ENSG00000109220.10,CHIC2,23.299733883049157,37.49223430240437
ENSG00000109272.3,PF4V1,1070.8196180679124,22.590034541202755
ENSG00000109390.11,NDUFC1,66.31500880448169,27.180814602675614
ENSG00000109536.11,FRG1,27.90152125746241,39.65848783563945
ENSG00000109685.17,WHSC1,39.07886444709971,32.166103712304135
ENSG00000109686.17,SH3D19,20.90792750705539,53.40183512190222
ENSG00000109919.9,MTCH2,42.87607127778934,29.875284615506782
ENSG00000110497.14,AMBRA1,20.133476016879733,49.28179353544229
ENSG00000110801.13,PSMD9,59.784107707712344,27.00205403009732
ENSG00000110934.10,BIN2,261.86269599920246,15.64349880140253
ENSG00000111145.7,ELK3,56.06984613632325,25.65773460249905
ENSG00000111206.12,FOXM1,7.693431792291004,60.13428209558046
ENSG00000111261.13,MANSC1,7.05728681679327,62.12416549247801
ENSG00000111271.14,ACAD10,9.870313980540272,52.942213505866015
ENSG00000111339.10,ART4,3.815603596933183,72.77165268439131
ENSG00000111639.7,MRPL51,75.50122336029037,33.53611135269002
ENSG00000111641.10,NOP2,23.7720062344551,45.77035392807077
ENSG00000111725.10,PRKAB1,15.7947514935464,40.899088863916226
ENSG00000111727.11,HCFC2,7.1985431846801236,43.6422510229023
ENSG00000112137.16,PHACTR1,22.698875620205396,38.93551800307604
ENSG00000112195.8,TREML2,4.290250324075808,72.80592143039512
ENSG00000112210.11,RAB23,2.05404227042429,60.48694029775556
ENSG00000112282.17,MED23,7.322997239233909,31.23473889412931
ENSG00000112640.14,PPP2R5D,24.195988560284608,43.16013122923853
ENSG00000112685.13,EXOC2,11.60243828049451,36.434031358884305
ENSG00000112699.10,GMDS,13.772719173771328,53.324012317054994
ENSG00000112769.18,LAMA4,17.489259264283728,64.77292732713806
ENSG00000113303.11,BTNL8,5.991909752694311,83.64555764129332
ENSG00000113448.16,PDE4D,33.50559338647609,37.43698389860385
ENSG00000113552.15,GNPDA1,23.01081499230315,42.01884138842199
ENSG00000113761.11,ZNF346,13.019047181915823,45.79143091767307
ENSG00000113905.4,HRG,5.1793781598348145,71.49272284171002
ENSG00000114450.9,GNB4,37.31022213272446,25.961085648467098
ENSG00000114480.12,GBE1,8.69407189896428,31.720137371344048
ENSG00000114544.15,SLC41A3,18.991962970989505,45.78609895515485
ENSG00000114853.13,ZBTB47,16.77311812388899,33.931114134669585
ENSG00000115271.10,GCA,151.88331339250288,25.85783715776205
ENSG00000115275.11,MOGS,7.102820719232181,69.32312760837506
ENSG00000115290.9,GRB14,13.597697077774288,54.547506379926475
ENSG00000115539.13,PDCL3,21.37613210213356,30.059745924652628
ENSG00000115607.9,IL18RAP,6.601070083837512,59.046808905124216
ENSG00000115657.12,ABCB6,9.274512994497844,58.74158946984464
ENSG00000115761.15,NOL10,14.708459363953397,32.85247090643298
ENSG00000115825.9,PRKD3,35.084377828534464,37.84510373218646
ENSG00000115828.15,QPCT,14.310011373575689,47.74960151536587
ENSG00000115839.17,RAB3GAP1,20.341539096306605,28.215364713985235
ENSG00000115998.7,C2orf42,23.96206753507671,52.47415594066386
ENSG00000116260.16,QSOX1,9.207203904465691,59.241637801195665
ENSG00000116497.17,S100PBP,15.44561791050604,53.01041241500548
ENSG00000116525.13,TRIM62,8.554197790356593,70.02527727492902
ENSG00000116688.16,MFN2,65.92757005400041,23.118386330923762
ENSG00000116691.10,MIIP,27.356084918872735,36.65315179932096
ENSG00000116729.13,WLS,13.376147718837847,68.2211222808096
ENSG00000116741.7,RGS2,180.0439680749576,17.67774432607433
ENSG00000116754.13,SRSF11,62.22475878403457,29.115158348611114
ENSG00000116809.11,ZBTB17,21.310256809317757,45.71873227767279
ENSG00000116830.11,TTF2,5.4852286599906686,65.21781034836093
ENSG00000116833.13,NR5A2,3.844102672241763,52.50112511840665
ENSG00000116874.11,WARS2,5.98663553913529,75.74402419223946
ENSG00000116957.12,TBCE,12.469867611470184,36.97953159212234
ENSG00000117115.12,PADI2,32.615652813540024,42.64693018771962
ENSG00000117305.14,HMGCL,19.339821039742468,34.95743539026444
ENSG00000117586.10,TNFSF4,46.35251893233456,40.42529565557983
ENSG00000117593.9,DARS2,4.814969993898313,49.05096059709502
ENSG00000117748.9,RPA2,44.26036187485494,26.98096139030128
ENSG00000118181.10,RPS25,1347.7850771816495,52.64704661334172
ENSG00000118292.8,C1orf54,18.7339016879857,64.88292310455917
ENSG00000118363.11,SPCS2,82.48614869853314,51.3550597420294
ENSG00000118418.14,HMGN3,55.4173481850178,27.927195802807155
ENSG00000118420.16,UBE3D,4.588334818358632,62.29427506983221
ENSG00000119041.10,GTF3C3,14.10640008454954,46.728162744616235
ENSG00000119321.8,FKBP15,28.14094940645996,42.45553478348906
ENSG00000119333.11,WDR34,12.797983422139897,49.663515783359756
ENSG00000119392.14,GLE1,22.117594329171975,33.91097146532725
ENSG00000119471.14,HSDL2,17.009771593401627,33.79615530886353
ENSG00000119772.16,DNMT3A,23.128415489528273,35.926921388114124
ENSG00000119820.10,YIPF4,9.81486643594439,58.86578718448091
ENSG00000119977.20,TCTN3,9.193782340972488,74.82840244654747
ENSG00000119979.15,FAM45A,27.89716440181173,34.76231233381037
ENSG00000120071.12,KANSL1,47.78357641875813,39.40232533104528
ENSG00000120688.8,WBP4,5.669664416360247,38.68381220769456
ENSG00000120738.7,EGR1,29.600515510209817,37.44061887439536
ENSG00000120875.8,DUSP4,1.6787708146480298,69.15980648812535
ENSG00000121039.9,RDH10,3.736622068865272,90.109573582896
ENSG00000121316.10,PLBD1,19.82211825331257,46.76596988930436
ENSG00000121410.11,A1BG,26.574147636708663,63.678238631975525
ENSG00000121486.11,TRMT1L,23.565767867910573,43.75926416584833
ENSG00000121716.18,PILRB,9.666565121475706,60.46422175336549
ENSG00000121903.14,ZSCAN20,3.212096556891279,73.12916802609261
ENSG00000121966.6,CXCR4,55.64961934597481,34.490538147081715
ENSG00000122203.14,KIAA1191,52.117139084931274,27.32594468502989
ENSG00000122359.17,ANXA11,137.24984540473292,33.79342938294332
ENSG00000122550.17,KLHL7,13.95687369111697,49.35645709003126
ENSG00000122705.16,CLTA,123.44076548278868,24.20740560758395
ENSG00000122971.8,ACADS,9.440588449078428,46.6986604192232
ENSG00000122986.13,HVCN1,31.61466622356465,37.107811872226634
ENSG00000123130.16,ACOT9,17.38177617726008,30.1605447452309
ENSG00000123146.19,ADGRE5,106.48645733274358,35.00471672627091
ENSG00000123411.14,IKZF4,5.38260443694577,74.50992304197484
ENSG00000123416.15,TUBA1B,592.658445428105,16.167227057066555
ENSG00000123472.12,ATPAF1,22.59614751879181,40.137413991552506
ENSG00000123473.15,STIL,13.629259778052695,36.454785078048914
ENSG00000123552.17,USP45,11.000763740393564,48.766958134376544
ENSG00000123562.16,MORF4L2,85.07665736867408,31.76915642619561
ENSG00000123908.11,AGO2,93.45683582871132,37.610429800689474
ENSG00000124145.6,SDC4,7.750165976057856,40.394614907243756
ENSG00000124214.19,STAU1,59.493049229981274,28.40763605415531
ENSG00000124225.15,PMEPA1,4.3906960003800855,77.5426493838246
ENSG00000124422.11,USP22,117.47765109397324,35.008693970074034
ENSG00000124429.17,POF1B,3.162998762527891,67.88410196685095
ENSG00000124508.16,BTN2A2,15.611238967540658,57.40909465428271
ENSG00000124570.17,SERPINB6,96.66475499197428,32.31752153925191
ENSG00000124731.12,TREM1,84.06917943645615,61.68709449790028
ENSG00000124733.3,MEA1,82.88763276794361,28.869947870677006
ENSG00000125124.11,BBS2,16.229164829934863,46.80836842059941
ENSG00000125247.15,TMTC4,4.827730639216973,71.40508243767157
ENSG00000125356.6,NDUFA1,227.76341870179817,28.09177741663284
ENSG00000125384.6,PTGER2,21.608418820405287,32.98565180278463
ENSG00000125434.10,SLC25A35,3.1431360268765967,83.39676308503881
ENSG00000125449.6,ARMC7,19.606244301023395,36.99093508096506
ENSG00000125505.16,MBOAT7,59.64507282035377,49.358020770792784
ENSG00000125629.14,INSIG2,14.225562178892243,56.122917641916914
ENSG00000125772.12,GPCPD1,30.0187040339378,30.307197624436842
ENSG00000125954.12,CHURC1-FNTB,8.744349864701269,84.14736170767682
ENSG00000126001.15,CEP250,19.665869893202014,46.53260921697199
ENSG00000126088.12,UROD,80.52295894920597,25.327636121332894
ENSG00000126216.12,TUBGCP3,13.894436195818455,32.601576794294935
ENSG00000126391.13,FRMD8,38.99803256432607,39.0817085003305
ENSG00000126787.12,DLGAP5,7.358038953816258,61.10653028854023
ENSG00000127022.14,CANX,198.17655736672305,30.887955357046938
ENSG00000127081.13,ZNF484,3.361476991229138,50.72891509204944
ENSG00000127540.11,UQCR11,428.43563394167694,21.90351604115391
ENSG00000127922.9,SHFM1,148.5434175177315,46.76873188723537
ENSG00000127952.16,STYXL1,28.829758546355844,35.51396611363276
ENSG00000127954.12,STEAP4,5.916655481843873,57.33358004965876
ENSG00000128268.11,MGAT3,7.552725216178016,74.46989388539029
ENSG00000128513.14,POT1,13.975277467534706,50.14606389186366
ENSG00000128891.15,C15orf57,30.00178179832189,49.02648770599761
ENSG00000129128.12,SPCS3,61.027385429890614,46.46919584712623
ENSG00000129450.8,SIGLEC9,15.573954731782056,53.342682401604115
ENSG00000130150.11,MOSPD2,9.75863376511708,40.72621417985437
ENSG00000130176.7,CNN1,16.152744034079962,75.23069506570076
ENSG00000130222.10,GADD45G,6.33283949504135,81.04674972462212
ENSG00000130649.9,CYP2E1,16.77514873339678,49.98881022635786
ENSG00000130713.15,EXOSC2,17.93319751791014,56.01545261982854
ENSG00000130725.7,UBE2M,25.480776937413683,34.9518865806426
ENSG00000130733.10,YIPF2,10.46018124172389,59.65094685236192
ENSG00000131148.8,EMC8,15.40677805714573,52.383742366617575
ENSG00000131188.11,PRR7,28.8463252087107,39.22320575425126
ENSG00000131374.14,TBC1D5,42.20293313040206,22.8306368785582
ENSG00000131375.9,CAPN7,13.963750608154731,47.17125435713082
ENSG00000131437.15,KIF3A,5.645617464897018,59.57012655865781
ENSG00000131462.7,TUBG1,27.28000073934354,44.111936587509575
ENSG00000131507.10,NDFIP1,17.979547179707716,49.77705162078508
ENSG00000131669.9,NINJ1,149.32431161143333,39.34202480201731
ENSG00000131724.10,IL13RA1,14.847917779707576,40.504751023741925
ENSG00000131781.12,FMO5,6.673977609172626,54.60541711997739
ENSG00000132199.18,ENOSF1,11.50173725703688,64.59056438191728
ENSG00000132436.11,FIGNL1,4.826795001554491,94.34607807510513
ENSG00000132465.10,JCHAIN,50.414016639821746,42.93482973540252
ENSG00000132475.8,H3F3B,1855.1121565839935,8.862256820044063
ENSG00000132485.12,ZRANB2,26.506532750961256,35.29292825013177
ENSG00000132522.15,GPS2,63.314368579721545,28.27658825317481
ENSG00000132535.18,DLG4,20.66953901714049,55.401536036948414
ENSG00000132623.15,ANKEF1,1.4093198117242811,74.10256522847796
ENSG00000132801.6,ZSWIM3,2.6001333913118065,71.45962183013145
ENSG00000132825.6,PPP1R3D,6.759182581927564,36.00408820300339
ENSG00000132965.9,ALOX5AP,89.66319056424233,31.121281108297094
ENSG00000133028.10,SCO1,8.082904788027372,65.68303479219429
ENSG00000133119.12,RFC3,4.431947961203183,74.83950965056479
ENSG00000133302.12,SLF1,11.41216146392071,71.31435233399573
ENSG00000133816.13,MICAL2,70.89929895454667,29.12757872466195
ENSG00000133858.15,ZFC3H1,20.082544708200164,37.136042177524644
ENSG00000133872.13,SARAF,139.30714257773622,16.967834623979414
ENSG00000134042.12,MRO,4.360633461617153,82.52282153531979
ENSG00000134138.19,MEIS2,9.463813538637558,60.94878639333897
ENSG00000134153.9,EMC7,15.949173917799564,48.37706239519061
ENSG00000134186.11,PRPF38B,23.589637428045883,28.40048190294696
ENSG00000134222.16,PSRC1,8.794150059777726,67.30222170052532
ENSG00000134262.12,AP4B1,12.235784590464558,46.85415681046164
ENSG00000134308.13,YWHAQ,168.9637489507002,28.024306909460176
ENSG00000134330.18,IAH1,36.42876959121555,34.57135850685406
ENSG00000134490.13,TMEM241,5.525681701180159,82.97768933148065
ENSG00000134825.13,TMEM258,150.7237218291714,32.63389968248203
ENSG00000134853.11,PDGFRA,10.257928381584687,68.87447533855249
ENSG00000134982.16,APC,28.138750149475925,43.07138943122159
ENSG00000135002.11,RFK,8.584572678673993,43.63605440023236
ENSG00000135045.6,C9orf40,4.965621031704628,51.978059480263774
ENSG00000135205.14,CCDC146,6.127838457988671,64.52206553142216
ENSG00000135426.14,TESPA1,27.778612850693477,36.060866751510154
ENSG00000135469.13,COQ10A,5.309881545997677,88.02691399574523
ENSG00000135535.14,CD164,103.21710261089116,27.687165075973603
ENSG00000135537.16,LACE1,8.455675057770154,61.6814909999583
ENSG00000135540.11,NHSL1,4.694303372075923,77.80852402038637
ENSG00000135842.16,FAM129A,37.433331607161314,34.20158710445272
ENSG00000135898.9,GPR55,12.46806299758456,59.254099633073196
ENSG00000135912.10,TTLL4,16.554168730482417,53.16741265337978
ENSG00000135913.10,USP37,14.450866625950598,55.056741640182615
ENSG00000135956.8,TMEM127,31.573504079436173,54.23930516440037
ENSG00000136048.13,DRAM1,13.75304752929886,49.08178342396223
ENSG00000136098.16,NEK3,6.022992576802166,69.09678288435859
ENSG00000136122.15,BORA,6.125572666360852,69.00207080630344
ENSG00000136141.14,LRCH1,21.72106514280177,22.422632499410447
ENSG00000136144.11,RCBTB1,6.8971028088300415,38.23824981578025
ENSG00000136197.12,C7orf25,7.260631679542156,84.26122642617592
ENSG00000136240.9,KDELR2,32.94355658259918,32.04418864432686
ENSG00000136319.11,TTC5,10.71997864564039,48.628199833817945
ENSG00000136371.10,MTHFS,69.6389348984064,39.55805670664281
ENSG00000136485.14,DCAF7,84.09274164527942,27.825928104759992
ENSG00000136518.16,ACTL6A,38.94972863969788,59.426353316315854
ENSG00000136630.12,HLX,19.34488563467158,36.64591166220907
ENSG00000136824.18,SMC2,4.907290404189769,41.88970319297357
ENSG00000136925.14,TSTD2,5.598028589502093,48.68353344410773
ENSG00000136933.16,RABEPK,13.985596033472593,53.21142078898595
ENSG00000137054.15,POLR1E,14.31461677863072,33.25305093590145
ENSG00000137100.15,DCTN3,68.06756591472922,25.614607204877302
ENSG00000137207.11,YIPF3,56.95708490934424,33.77373165223067
ENSG00000137221.14,TJAP1,13.252869581816295,52.1887952415564
ENSG00000137414.5,FAM8A1,6.601393979124796,36.3543677649584
ENSG00000137478.14,FCHSD2,65.52554845794815,33.78462070982079
ENSG00000137501.17,SYTL2,6.654147863041576,59.749888512009356
ENSG00000137522.17,RNF121,17.233730579295077,57.989157464063055
ENSG00000137656.11,BUD13,16.85961440954214,41.663277907404044
ENSG00000137812.19,CASC5,16.315258895155957,78.2349918061916
ENSG00000137845.14,ADAM10,92.58901663090694,27.07105123236128
ENSG00000137871.19,ZNF280D,18.27128270706179,34.38171783628774
ENSG00000137876.9,RSL24D1,19.627861990567325,39.588441511584904
ENSG00000138315.12,OIT3,8.379545034754496,47.621841964285146
ENSG00000138399.17,FASTKD1,7.283419680930903,55.80821741865564
ENSG00000138434.16,SSFA2,138.40036772722388,55.97552068530362
ENSG00000138621.11,PPCDC,24.473828204822382,58.78266214639067
ENSG00000138670.16,RASGEF1B,7.629805885070514,40.326319851900365
ENSG00000138755.5,CXCL9,3.207009649692969,64.33037860635484
ENSG00000138772.12,ANXA3,46.007757179128475,30.318948461152885
ENSG00000139146.13,FAM60A,11.778453758816177,56.70281812288061
ENSG00000139505.11,MTMR6,8.347537178975163,33.25049427977719
ENSG00000139514.12,SLC7A1,8.661285975975513,66.51770119571106
ENSG00000139629.15,GALNT6,6.0906679534774835,89.5092171464456
ENSG00000139651.10,ZNF740,9.722510993359178,50.81768942214798
ENSG00000139668.8,WDFY2,3.90351970510451,36.028013888139505
ENSG00000139719.9,VPS33A,12.229768517652875,36.515827120939235
ENSG00000139737.21,SLAIN1,52.883060434652734,38.758698140203414
ENSG00000139946.9,PELI2,23.645019092105223,47.24962334288622
ENSG00000139998.14,RAB15,3.3313125709048808,82.94925185242066
ENSG00000140043.11,PTGR2,3.065848441708296,80.97553383826823
ENSG00000140153.17,WDR20,37.18972624358578,37.437498176815424
ENSG00000140199.11,SLC12A6,14.159262729864896,41.762772420651295
ENSG00000140262.17,TCF12,60.72088422574074,36.37301685457551
ENSG00000140263.13,SORD,8.910342051999256,58.961090417565806
ENSG00000140403.12,DNAJA4,21.491478857768765,33.474771186495246
ENSG00000140463.13,BBS4,6.473680467899473,87.75071131775043
ENSG00000140553.16,UNC45A,26.186162394545786,36.88483663909703
ENSG00000140931.19,CMTM3,114.9393259129432,29.16349169931887
ENSG00000140932.9,CMTM2,41.53979243471035,54.80444805709834
ENSG00000140992.18,PDPK1,18.7541920631714,48.91809860413963
ENSG00000141380.13,SS18,53.8978232185179,33.15600748580488
ENSG00000141469.16,SLC14A1,54.49756586420401,29.702736283566864
ENSG00000141504.11,SAT2,33.84573658126877,33.50881968857
ENSG00000141505.11,ASGR1,12.688527005958148,58.94135691825661
ENSG00000141526.14,SLC16A3,36.70156168407329,44.41521591687036
ENSG00000141542.10,RAB40B,10.419876320689216,76.60671158577567
ENSG00000141568.19,FOXK2,47.70901725447916,50.3344960879982
ENSG00000141627.13,DYM,44.05005515272206,34.01158337732232
ENSG00000141699.10,FAM134C,25.09445479759535,40.53504962438132
ENSG00000141741.11,MIEN1,49.46314121372214,26.84142639313345
ENSG00000142188.16,TMEM50B,8.076556725836506,58.73710761425526
ENSG00000142227.10,EMP3,647.3713379110432,23.99822426273222
ENSG00000142528.15,ZNF473,5.754757589560268,58.13651686944522
ENSG00000142556.18,ZNF614,3.1619219860349572,59.98979155965615
ENSG00000142583.17,SLC2A5,12.65644915097418,83.100890941096
ENSG00000142599.17,RERE,137.65694428318477,30.765891310826156
ENSG00000142748.12,FCN3,14.851711173926288,53.69135038075557
ENSG00000142794.18,NBPF3,8.815276364328307,66.5139472011882
ENSG00000143153.12,ATP1B1,3.2259772099230677,68.63320267461052
ENSG00000143184.4,XCL1,3.377581524784389,77.7067229633818
ENSG00000143248.12,RGS5,9.598783403919295,73.05437967150665
ENSG00000143294.14,PRCC,65.77427682797185,48.62677366991194
ENSG00000143315.6,PIGM,1.035995156568863,84.60639633298324
ENSG00000143363.15,PRUNE,105.4954754015482,26.638413965962645
ENSG00000143398.19,PIP5K1A,33.85311161761656,44.31033796969605
ENSG00000143437.20,ARNT,60.46428702051728,28.829040802369697
ENSG00000143493.12,INTS7,8.525876010763687,48.54578523396136
ENSG00000143499.13,SMYD2,24.142503785172632,31.150659858073805
ENSG00000143727.15,ACP1,123.3728466971282,20.571336282246403
ENSG00000143952.19,VPS54,10.218588424764947,27.457155395798225
ENSG00000143977.13,SNRPG,32.11406764651788,65.18837673071452
ENSG00000144231.10,POLR2D,15.470012417101584,39.05508275318256
ENSG00000144366.15,GULP1,6.6736415695246505,87.8994681618085
ENSG00000144827.8,ABHD10,19.16814927230284,41.67414794159687
ENSG00000144840.8,RABL3,21.12145620754411,45.30952592960014
ENSG00000145050.15,MANF,19.77218470263347,47.70486088113776
ENSG00000145293.14,ENOPH1,16.18944543286642,37.92396828079795
ENSG00000145349.16,CAMK2D,17.861364417887366,33.380277354892065
ENSG00000146066.2,HIGD2A,177.85851199676048,24.451778759758547
ENSG00000146263.11,MMS22L,6.420056674534766,68.09412638719498
ENSG00000146574.15,CCZ1B,14.59727663252607,42.21177368818131
ENSG00000146587.17,RBAK,3.334868067706708,64.26401392499434
ENSG00000146670.9,CDCA5,5.642325334453825,79.10225039232499
ENSG00000146826.14,C7orf43,14.313222219025905,45.36530772651064
ENSG00000146834.13,MEPCE,85.63384186614654,34.17111525452441
ENSG00000147036.11,LANCL3,5.886143819563302,52.336288903090306
ENSG00000147050.14,KDM6A,14.898882350907696,43.03581912267023
ENSG00000147383.10,NSDHL,7.674984753508856,59.95763576912253
ENSG00000147533.16,GOLGA7,70.04384222113559,22.090702515206335
ENSG00000148019.12,CEP78,14.778415218223255,50.38437820635494
ENSG00000148110.15,HIATL1,7.672592833683601,36.960510995236895
ENSG00000148341.17,SH3GLB2,42.24337646861463,36.20989193476854
ENSG00000148700.13,ADD3,225.3934809526642,29.071154050287838
ENSG00000149084.11,HSD17B12,26.35514974701311,44.775303054288464
ENSG00000149131.15,SERPING1,34.406775078535624,51.54959659563544
ENSG00000149179.13,C11orf49,15.056649992409517,63.720722696680895
ENSG00000149273.14,RPS3,2950.8423224438047,34.74932208727446
ENSG00000149527.17,PLCH2,2.284423503478962,103.32270592112222
ENSG00000149657.19,LSM14B,33.40173836593733,34.3210923696037
ENSG00000149743.13,TRPT1,25.200650999636235,51.97854463619122
ENSG00000149761.8,NUDT22,26.391586167230184,35.49619042990425
ENSG00000150401.14,DCUN1D2,6.8504183144726545,61.43039661379813
ENSG00000150456.10,N6AMT2,9.990994211142487,50.93766857776214
ENSG00000150712.10,MTMR12,58.32159262242551,24.820517216474922
ENSG00000150991.14,UBC,643.4195368864999,17.663172546130156
ENSG00000151239.13,TWF1,8.747243186871046,66.44285875667676
ENSG00000151276.23,MAGI1,12.998395584527644,45.46399817003236
ENSG00000151503.12,NCAPD3,13.339676902842848,46.22225832671552
ENSG00000151611.13,MMAA,5.362606163385547,62.979748104816515
ENSG00000151612.15,ZNF827,16.208885950115345,68.57298828308608
ENSG00000151651.15,ADAM8,27.037577869411734,51.21563112283003
ENSG00000151914.18,DST,17.30379846637284,43.390748703408185
ENSG00000152291.13,TGOLN2,72.38679049074692,32.1384691409397
ENSG00000152348.15,ATG10,6.170842839457879,66.7013060749439
ENSG00000152556.15,PFKM,21.69920072240936,45.08896177273534
ENSG00000152642.10,GPD1L,21.061298909258703,50.02485253330573
ENSG00000152926.14,ZNF117,7.125606591602812,58.57025251578287
ENSG00000152942.18,RAD17,12.121131677912649,56.766726813962656
ENSG00000153048.10,CARHSP1,55.09197746412572,31.683759996226055
ENSG00000153250.17,RBMS1,16.563110995033004,33.793026824741155
ENSG00000153283.12,CD96,9.516225687684567,49.06881123591763
ENSG00000153767.9,GTF2E1,20.53861047146059,45.94760767083572
ENSG00000153904.18,DDAH1,5.317588667651148,65.1062821454078
ENSG00000153914.15,SREK1,33.966665150161006,37.56566214431422
ENSG00000154309.8,DISP1,5.98789753401273,89.63952322356191
ENSG00000154310.16,TNIK,40.82670922043906,29.49424198674473
ENSG00000154380.17,ENAH,41.517461663800105,34.087021878110114
ENSG00000154822.15,PLCL2,22.258917596099796,21.754333008376243
ENSG00000155090.14,KLF10,37.23074258256496,28.49225157853737
ENSG00000155324.9,GRAMD3,3.968947054249792,76.75855058992335
ENSG00000155438.11,NIFK,17.32181061107972,51.22534018647969
ENSG00000155660.10,PDIA4,10.168303431527551,44.63248581868268
ENSG00000156017.12,CARNMT1,26.17719612789877,39.94580669726075
ENSG00000156127.6,BATF,47.82196886667592,43.042829780796914
ENSG00000156162.16,DPY19L4,4.875971521675035,88.27323939433896
ENSG00000156298.12,TSPAN7,21.31982245022296,40.350580992497974
ENSG00000156374.14,PCGF6,4.146473756367809,45.563691217196165
ENSG00000156802.12,ATAD2,11.75188469477138,43.269632015988925
ENSG00000156860.15,FBRS,139.65306206589094,60.160328832929785
ENSG00000156873.15,PHKG2,20.928885810791137,56.4224376822955
ENSG00000156875.13,HIAT1,9.039097983219426,37.5208907401301
ENSG00000156876.9,SASS6,1.670688625546821,68.63390030593403
ENSG00000157734.13,SNX22,12.90803621003157,30.396360543772847
ENSG00000157978.11,LDLRAP1,102.00148805194054,35.89197570513024
ENSG00000158042.8,MRPL17,38.5736999186164,42.748847648461485
ENSG00000158079.14,PTPDC1,1.0069185768707902,71.18891657248041
ENSG00000158201.9,ABHD3,5.681674763727794,60.28429634529555
ENSG00000158290.16,CUL4B,33.64871845386487,33.12719461879938
ENSG00000158292.6,GPR153,1.948322523357806,90.93874486325687
ENSG00000158480.10,SPATA2,8.022870081847158,58.20250810100292
ENSG00000158669.11,GPAT4,24.785510959748088,45.958397070791236
ENSG00000158850.14,B4GALT3,25.447158704250786,45.78767967323557
ENSG00000158863.21,FAM160B2,18.41503491107863,59.6251204929414
ENSG00000159176.13,CSRP1,94.9682709613138,32.25393648458132
ENSG00000159399.9,HK2,8.658951184415546,33.44565550639388
ENSG00000159459.11,UBR1,16.847620697450246,47.13663494242291
ENSG00000159640.15,ACE,11.513975728907504,56.508266200150324
ENSG00000159713.10,TPPP3,19.074962594763026,48.40486270731227
ENSG00000159720.11,ATP6V0D1,169.7314984836928,31.149591662803516
ENSG00000159917.14,ZNF235,4.60659079546328,80.48812241983926
ENSG00000160145.15,KALRN,39.56469837136597,41.75212151123931
ENSG00000160211.15,G6PD,200.87005278691151,40.49292968823867
ENSG00000160255.16,ITGB2,266.59067802145165,33.5322267222109
ENSG00000160294.10,MCM3AP,20.21133276965115,35.19125907653508
ENSG00000160339.15,FCN2,9.018709025083668,65.19253636873738
ENSG00000160446.18,ZDHHC12,32.569342720631894,45.1135459763868
ENSG00000160447.6,PKN3,8.067311425103087,62.76862840741053
ENSG00000160593.17,AMICA1,90.03599445095061,30.406684602122734
ENSG00000160791.13,CCR5,5.717478466978035,55.43923226863188
ENSG00000161010.14,C5orf45,11.39100941405668,74.92786318422775
ENSG00000161011.19,SQSTM1,261.6989979831088,22.846110567213785
ENSG00000161048.11,NAPEPLD,6.051220464720284,61.69632499875862
ENSG00000161217.11,PCYT1A,36.95957168079673,30.393218006584426
ENSG00000161905.12,ALOX15,7.986114353444988,74.09736829252546
ENSG00000162086.14,ZNF75A,5.1257114938165245,66.65100880652199
ENSG00000162236.11,STX5,33.346429494422964,35.19499385300348
ENSG00000162664.16,ZNF326,15.058586238357284,33.120179501263365
ENSG00000162688.15,AGL,4.308828715787595,38.1568161208987
ENSG00000162704.15,ARPC5,602.2732909955577,27.443274197330872
ENSG00000162711.16,NLRP3,9.289692446027656,44.444989744070334
ENSG00000163026.11,C2orf44,5.092263071291401,69.8001082483915
ENSG00000163162.8,RNF149,28.123625962431703,37.373843359800645
ENSG00000163319.10,MRPS18C,58.93514260343967,43.50596632556129
ENSG00000163421.8,PROK2,25.637669251290436,40.01667481750296
ENSG00000163464.7,CXCR1,29.465921772092265,35.513324999510395
ENSG00000163481.7,RNF25,15.2062311314804,53.96663736821758
ENSG00000163507.13,KIAA1524,3.21102190676592,80.27052944542959
ENSG00000163539.16,CLASP2,23.366027628770535,35.62013962137201
ENSG00000163563.7,MNDA,210.8693470612691,14.001388289107176
ENSG00000163611.11,SPICE1,10.172043493965312,71.11827664979184
ENSG00000163659.12,TIPARP,13.970496817299033,39.255327043885444
ENSG00000163660.11,CCNL1,36.182886850432055,43.65232261025358
ENSG00000163681.14,SLMAP,52.21424322789975,31.800217103671322
ENSG00000163762.6,TM4SF18,9.15064908751286,49.92104602507526
ENSG00000163785.12,RYK,21.553845473796976,36.02666586540249
ENSG00000163870.14,TPRA1,7.01947242525005,63.89657832689808
ENSG00000163956.10,LRPAP1,34.99934290564758,50.773402926420836
ENSG00000163993.6,S100P,181.41193563168736,39.465990927753374
ENSG00000164024.11,METAP1,29.411802855530286,42.68820267218479
ENSG00000164040.16,PGRMC2,15.080278106654424,38.0817965229649
ENSG00000164081.12,TEX264,23.162671388091415,44.48216306231635
ENSG00000164096.12,C4orf3,209.81110158704385,27.74484030331212
ENSG00000164190.16,NIPBL,63.181849271615846,31.232544400197867
ENSG00000164300.15,SERINC5,6.009524917787673,50.387434811043185
ENSG00000164307.12,ERAP1,23.85265200527363,49.231269556050094
ENSG00000164405.10,UQCRQ,201.2713911603543,28.989533087666914
ENSG00000164465.18,DCBLD1,3.537287524971722,98.70395685889386
ENSG00000164512.17,ANKRD55,7.282574450737463,55.917461384995526
ENSG00000164597.13,COG5,22.433153346864724,43.30475004268918
ENSG00000164603.11,C7orf60,6.472817230232683,61.42212249391327
ENSG00000164615.4,CAMLG,31.582580428644775,27.43302114197057
ENSG00000164649.19,CDCA7L,31.275231156020453,39.282045327170195
ENSG00000164934.13,DCAF13,13.338548039460864,46.78017362636342
ENSG00000164938.13,TP53INP1,10.8847380580786,27.14153532062201
ENSG00000164953.15,TMEM67,5.729307184291428,74.31556109403797
ENSG00000164983.7,TMEM65,1.89352113412928,41.64629844362134
ENSG00000165071.14,TMEM71,88.9392250450528,34.184783269749246
ENSG00000165113.12,GKAP1,6.50314499331815,55.264386388629845
ENSG00000165185.14,KIAA1958,2.809987226771381,69.33413098278402
ENSG00000165304.7,MELK,5.118176778701204,66.44103040167485
ENSG00000165511.6,C10orf25,2.950577490678747,55.45461231219704
ENSG00000165650.11,PDZD8,9.928887073420302,52.7689492289673
ENSG00000165795.21,NDRG2,51.16639744056173,37.85079214023758
ENSG00000165821.11,SALL2,4.573123058887586,86.69309001742309
ENSG00000165898.13,ISCA2,18.414096736897964,45.69184005024176
ENSG00000166004.14,CEP295,5.54914701938349,54.74646222696437
ENSG00000166091.19,CMTM5,404.0819603726379,38.15531245506449
ENSG00000166148.3,AVPR1A,10.107739925647836,80.66728941107328
ENSG00000166167.17,BTRC,14.443670817302078,62.535549695370946
ENSG00000166188.2,ZNF319,11.831062543646771,56.61922987914682
ENSG00000166272.16,WBP1L,21.12294321569179,21.44293292963299
ENSG00000166479.9,TMX3,10.41605875469201,62.02227144777059
ENSG00000166507.16,NDST2,9.004302744595446,64.2531085545981
ENSG00000166575.16,TMEM135,40.28682203386363,66.13172968866328
ENSG00000166685.11,COG1,11.651256579845432,45.37187605366722
ENSG00000166783.19,KIAA0430,140.7889702627492,30.59998813267833
ENSG00000166848.5,TERF2IP,52.42147962530782,18.062611878711543
ENSG00000167005.13,NUDT21,81.91317803536543,25.289833963499127
ENSG00000167037.18,SGSM1,1.71897392124654,100.18644892731585
ENSG00000167182.12,SP2,74.66412971252886,44.5858063796969
ENSG00000167258.13,CDK12,25.60223908394373,26.20595835794838
ENSG00000167302.9,ENTHD2,8.188606602295906,64.2958184194627
ENSG00000167380.16,ZNF226,13.995080545690769,55.9056911939237
ENSG00000167635.11,ZNF146,19.275244982885493,35.579662406246065
ENSG00000167703.14,SLC43A2,22.647406383624386,44.43315797988184
ENSG00000167705.11,RILP,15.60396325614111,40.83790657878557
ENSG00000167840.13,ZNF232,5.2767587518609345,68.99687959239508
ENSG00000167874.6,TMEM88,23.056929807498022,60.11020927400573
ENSG00000167881.14,SRP68,43.6639585763287,38.94226121236878
ENSG00000168000.14,BSCL2,46.57017184710788,54.26572014160654
ENSG00000168067.11,MAP4K2,117.93217573501944,44.72590196732531
ENSG00000168137.15,SETD5,58.302371213737864,41.78356502178869
ENSG00000168175.14,MAPK1IP1L,129.1243000917389,27.544328447306896
ENSG00000168259.14,DNAJC7,63.12336373075473,22.348861330588154
ENSG00000168273.7,SMIM4,15.681628353337278,111.9914794945165
ENSG00000168301.12,KCTD6,4.570699058902091,69.43359421161752
ENSG00000168303.6,MPLKIP,1.8659292948066275,47.62717225345955
ENSG00000168411.13,RFWD3,16.744367258196696,51.58404683373722
ENSG00000168906.12,MAT2A,40.219024826890866,31.245451960210247
ENSG00000169019.10,COMMD8,18.085586453521604,36.19241769227158
ENSG00000169021.5,UQCRFS1,10.78757120284858,24.561915177640497
ENSG00000169057.19,MECP2,72.47621064571572,35.29015327309667
ENSG00000169116.11,PARM1,1.7105011021323344,75.00156792538225
ENSG00000169193.11,CCDC126,44.13157586144561,41.70847868726062
ENSG00000169224.12,GCSAML,7.854750229680265,62.47870504408472
ENSG00000169241.17,SLC50A1,51.0310713198057,32.808312352283465
ENSG00000169371.13,SNUPN,16.53749260761397,43.988676888008044
ENSG00000169429.10,CXCL8,82.89750565208757,60.378775119977284
ENSG00000169641.13,LUZP1,17.336618479105166,38.57172942326022
ENSG00000169715.14,MT1E,14.908977429141784,86.53467850798309
ENSG00000169826.7,CSGALNACT2,13.218325706749772,23.318344458026036
ENSG00000169857.7,AVEN,5.393446833875947,62.50908772014097
ENSG00000169871.12,TRIM56,41.9038152506943,35.99609517420593
ENSG00000170011.13,MYRIP,5.326064212887633,62.72817124080074
ENSG00000170881.4,RNF139,7.801683921964092,39.492993667711524
ENSG00000170899.10,GSTA4,5.157192102080039,69.03662219777789
ENSG00000171150.7,SOCS5,3.6947541859406874,36.29049750679658
ENSG00000171310.10,CHST11,50.5396890871268,47.49081152226849
ENSG00000171469.10,ZNF561,19.540756232799783,53.48312879741119
ENSG00000171824.13,EXOSC10,31.44483240586932,46.05295895231029
ENSG00000171840.11,NINJ2,28.72975336612359,44.53565205594941
ENSG00000171862.9,PTEN,101.5365364872574,23.101356637968784
ENSG00000171928.13,TVP23B,33.63314372297257,44.21333199092093
ENSG00000171953.15,ATPAF2,30.753145250605783,42.796970139471945
ENSG00000172037.13,LAMB2,9.308195144072329,84.80252165596066
ENSG00000172057.9,ORMDL3,48.47716971026247,40.8167315791499
ENSG00000172315.5,TP53RK,6.9351870628943955,33.47528328134255
ENSG00000172345.13,STARD5,5.1507165920417055,73.12831501069216
ENSG00000172500.12,FIBP,68.66543288768837,31.496583435014564
ENSG00000172661.17,FAM21C,8.365860943488446,33.23332662166611
ENSG00000172687.13,ZNF738,5.47285958845729,73.21694197547885
ENSG00000172785.18,CBWD1,12.771930946471416,45.68775210907674
ENSG00000172840.6,PDP2,6.438965743703041,80.94784664329421
ENSG00000173113.6,TRMT112,332.30514386773046,19.21105583133134
ENSG00000173200.12,PARP15,8.522247238212392,42.19689431067392
ENSG00000173209.22,AHSA2,8.41371888613419,69.81717058348994
ENSG00000173372.16,C1QA,43.896744240657945,39.740218634545336
ENSG00000173535.13,TNFRSF10C,58.06930431952093,47.25085587385172
ENSG00000173674.10,EIF1AX,13.813742456807145,54.7821811894379
ENSG00000174007.7,CEP19,5.305583802447527,58.36178341463549
ENSG00000174032.16,SLC25A30,32.193053200411505,43.03747527458176
ENSG00000174109.4,C16orf91,8.126772357232115,67.37720092771373
ENSG00000174151.14,CYB561D1,10.32228599498393,50.13991891128983
ENSG00000174405.13,LIG4,4.738296800023447,35.34115919104147
ENSG00000174469.17,CNTNAP2,1.9585593174307503,89.80416588698091
ENSG00000174500.12,GCSAM,10.574465052192126,62.943597282771684
ENSG00000174501.14,ANKRD36C,3.856795455755109,55.9128103416854
ENSG00000174606.12,ANGEL2,14.228625434300945,46.860065145076575
ENSG00000174628.16,IQCK,6.7794573587214915,75.01565953322279
ENSG00000174640.12,SLCO2A1,9.9559965650278,52.28203823549894
ENSG00000174837.14,ADGRE1,26.267337240032017,32.87188736502744
ENSG00000174851.14,YIF1A,23.065700099167326,43.433305877915636
ENSG00000175309.14,PHYKPL,19.698347648451545,34.79515156393338
ENSG00000176018.12,LYSMD3,33.457774419975784,45.11408868546661
ENSG00000176248.8,ANAPC2,32.39923955851605,36.54695813695442
ENSG00000176393.10,RNPEP,52.56314476738004,35.27500747798093
ENSG00000176396.9,EID2,5.974458894968992,45.55098925314962
ENSG00000176407.17,KCMF1,62.48307991201852,30.220717189848518
ENSG00000176472.10,ZNF575,10.20465600787753,72.91561900853904
ENSG00000176531.10,PHLDB3,7.888208300068874,87.48793122343136
ENSG00000176749.8,CDK5R1,4.698048218610876,55.120576391994824
ENSG00000176896.8,TCEANC,3.8165408027648784,57.1065337577786
ENSG00000177156.10,TALDO1,445.3331377575514,24.14534105704127
ENSG00000177189.12,RPS6KA3,44.84303630141733,32.85206763893618
ENSG00000177674.15,AGTRAP,47.13327540294364,30.660999995591744
ENSG00000177675.8,CD163L1,3.719774011480977,100.25916360850995
ENSG00000177733.6,HNRNPA0,25.615634399685497,18.671152009858258
ENSG00000177830.17,CHID1,25.611236112128783,39.72253842779951
ENSG00000177954.11,RPS27,3037.782024558208,51.05045069639712
ENSG00000177963.12,RIC8A,91.3351292966932,49.61837441363345
ENSG00000178105.9,DDX10,11.505745171894471,58.169953476143824
ENSG00000178295.14,GEN1,4.497979813820142,74.70436414506025
ENSG00000178802.17,MPI,18.820967096471275,47.421510639522694
ENSG00000178971.13,CTC1,25.986906290554032,50.94918521667307
ENSG00000179021.9,C3orf38,18.43444092015296,40.80625320929905
ENSG00000179241.12,LDLRAD3,23.91668060188251,67.55524987442868
ENSG00000179295.16,PTPN11,51.83372609169753,33.59887772429474
ENSG00000179588.8,ZFPM1,11.994401905990491,60.72437539607123
ENSG00000179776.17,CDH5,5.6917479951640635,58.4167179113495
ENSG00000179820.15,MYADM,286.2858634205341,63.83932020799902
ENSG00000179862.6,CITED4,18.21384808661572,50.14865795195862
ENSG00000179914.4,ITLN1,7.295052300272535,62.47314787035593
ENSG00000179979.8,CRIPAK,3.244046930583945,77.84601717542239
ENSG00000180257.13,ZNF816,12.178369706940178,59.24119346234855
ENSG00000180263.13,FGD6,11.7086260902522,33.230719909991635
ENSG00000180376.16,CCDC66,46.917196058171236,27.36021050590719
ENSG00000180425.10,C11orf71,6.053470271675292,84.0215232413583
ENSG00000180773.14,SLC36A4,7.008209776739146,75.87130436180409
ENSG00000180871.7,CXCR2,120.8210100128396,47.066615681587216
ENSG00000180891.12,CUEDC1,16.38024776826848,48.37038680202819
ENSG00000180953.11,ST20,25.779083235260305,59.052228968413466
ENSG00000181004.9,BBS12,1.4934702889529012,88.17107233125472
ENSG00000181222.14,POLR2A,126.00734014059157,38.87503351948034
ENSG00000181350.11,LRRC75A,6.368524983801864,52.56638159895343
ENSG00000181690.7,PLAG1,2.836856206646817,69.03595011631444
ENSG00000181788.3,SIAH2,211.81648658687945,48.440591891710284
ENSG00000181826.9,RELL1,38.83628718861856,41.25559689042729
ENSG00000181904.8,C5orf24,11.105059503277309,62.32402479512719
ENSG00000181938.13,GINS3,3.101209791367037,85.1823940067831
ENSG00000182022.17,CHST15,17.0182190384936,37.11211704591533
ENSG00000182504.10,CEP97,3.642862537795085,73.52452937844117
ENSG00000182732.16,RGS6,19.938824583793817,41.73112897592486
ENSG00000182768.8,NGRN,28.003438927756193,28.387432986091518
ENSG00000182899.14,RPL35A,1487.960696611067,31.228716106176922
ENSG00000182923.16,CEP63,39.18844620233562,42.98606696651755
ENSG00000182934.11,SRPR,42.11158640295872,35.734611921396365
ENSG00000182986.12,ZNF320,5.330578364208985,89.12815343674085
ENSG00000183023.18,SLC8A1,57.26245978135911,20.420563419491046
ENSG00000183337.16,BCOR,23.44375746117928,48.851367356805405
ENSG00000183431.11,SF3A3,42.538271710979856,33.5866365088387
ENSG00000183580.9,FBXL7,4.570786857501981,82.7502070941634
ENSG00000183647.10,ZNF530,4.022161475584558,109.41754745355946
ENSG00000183722.7,LHFP,2.7547227848992963,73.11287764494277
ENSG00000183735.9,TBK1,10.729850247341007,28.489681974443275
ENSG00000183826.16,BTBD9,7.886716428418751,47.29645421774204
ENSG00000184083.11,FAM120C,2.488002109783313,60.52264233109131
ENSG00000184113.9,CLDN5,48.83883595792844,41.583459126852766
ENSG00000184220.10,CMSS1,10.805283661607712,59.14684534981505
ENSG00000184260.5,HIST2H2AC,756.4923086428976,54.590981879103694
ENSG00000184675.9,AMER1,3.3200294584487713,50.53858680059956
ENSG00000184898.6,RBM43,3.8572151516816895,56.377600263581854
ENSG00000184939.15,ZFP90,10.586277539529013,51.09454516064435
ENSG00000184992.10,BRI3BP,2.166484702703801,50.56465071154621
ENSG00000185070.10,FLRT2,1.9373588820480896,114.51009571805876
ENSG00000185115.4,NDNL2,16.967569402939837,37.12076355232502
ENSG00000185262.8,UBALD2,474.76514646833766,58.84023578738784
ENSG00000185721.11,DRG1,36.72428618419035,41.28657055721183
ENSG00000185950.8,IRS2,12.002806055324662,36.36882890849182
ENSG00000186111.8,PIP5K1C,39.59099549589749,43.62880475483553
ENSG00000186141.8,POLR3C,27.46421406808323,35.496093500396036
ENSG00000186300.11,ZNF555,4.076677686291021,76.67820089799615
ENSG00000186431.18,FCAR,19.67971262044227,77.66125592641251
ENSG00000186446.11,ZNF501,2.9258205476787347,71.79635934385767
ENSG00000186448.14,ZNF197,5.688308232258834,41.18635265229331
ENSG00000186470.13,BTN3A2,60.04951299408909,32.150917923791965
ENSG00000186575.17,NF2,21.669408999676357,35.5146499192628
ENSG00000186594.12,MIR22HG,16.14062585392171,75.2018271932657
ENSG00000186625.13,KATNA1,21.29652186338105,38.334513458823395
ENSG00000186665.8,C17orf58,4.154953631243792,76.8670314951653
ENSG00000186908.14,ZDHHC17,24.9127194571996,54.134021550768715
ENSG00000187210.12,GCNT1,8.112363200980555,65.61882958333165
ENSG00000187474.4,FPR3,2.040462944547784,89.2941156016888
ENSG00000187742.14,SECISBP2,18.682529596791177,27.09765668132644
ENSG00000188404.8,SELL,143.12685767768957,40.57778236303237
ENSG00000188511.12,C22orf34,5.1434824375070045,90.49169050666251
ENSG00000188529.14,SRSF10,32.404211660867304,27.534505824539405
ENSG00000188643.10,S100A16,56.11810146832216,30.020207401770634
ENSG00000188786.9,MTF1,12.060776623898857,49.06011145979574
ENSG00000189362.11,NEMP2,3.653129510576396,80.62976696940112
ENSG00000196172.9,ZNF681,2.248261713675378,78.2704422050653
ENSG00000196387.9,ZNF140,8.077848145488037,62.98027534655616
ENSG00000196453.7,ZNF777,8.386821307154268,54.514600305553266
ENSG00000196455.7,PIK3R4,7.590640429399529,61.47382908655406
ENSG00000196466.10,ZNF799,2.9826932208534096,86.42637133107526
ENSG00000196507.10,TCEAL3,60.49282528334222,42.30044485259889
ENSG00000196535.14,MYO18A,53.13105212829876,43.53025675888407
ENSG00000196547.14,MAN2A2,82.78305721496307,46.254636409980506
ENSG00000196549.10,MME,37.476353171926824,54.16201153293938
ENSG00000196605.7,ZNF846,5.736941821895939,73.0507156734215
ENSG00000196757.7,ZNF700,4.115756550118302,47.65220633692814
ENSG00000196923.13,PDLIM7,65.38574621013638,23.219747817441696
ENSG00000196935.8,SRGAP1,3.104490951831263,97.57783368818315
ENSG00000196975.15,ANXA4,37.000825361803,38.59025424000341
ENSG00000197006.13,METTL9,106.0902529139214,27.350874174400985
ENSG00000197008.9,ZNF138,4.260196627050825,69.90297684386073
ENSG00000197021.8,CXorf40B,12.506810019425924,52.87086856390333
ENSG00000197081.12,IGF2R,17.707839298002288,60.854486074920295
ENSG00000197111.15,PCBP2,829.1604572450658,8.363983596076555
ENSG00000197208.5,SLC22A4,6.883380744465066,55.05142629315964
ENSG00000197283.12,SYNGAP1,11.625202673659954,67.45156372943102
ENSG00000197324.8,LRP10,64.47021823475752,40.87082978362705
ENSG00000197405.7,C5AR1,114.52576816336544,50.588642699349144
ENSG00000197415.11,VEPH1,45.97670219027999,42.2489545648129
ENSG00000197620.10,CXorf40A,12.125559608735228,49.892192170034555
ENSG00000197694.13,SPTAN1,203.9542805411821,41.223690512284
ENSG00000197705.9,KLHL14,5.228230079655012,69.72961349170738
ENSG00000197816.13,CCDC180,11.527813511571392,62.76649632951078
ENSG00000198034.10,RPS4X,1585.9572310860638,11.974978028798947
ENSG00000198053.11,SIRPA,13.056225949757696,42.635165966729424
ENSG00000198081.10,ZBTB14,15.02637875766349,39.340855783394034
ENSG00000198087.7,CD2AP,15.937588081814116,24.086702971972745
ENSG00000198121.13,LPAR1,9.219987270629693,53.24033791781362
ENSG00000198258.10,UBL5,709.9619114329547,17.960157609989146
ENSG00000198431.15,TXNRD1,49.267746189513254,28.91521477920678
ENSG00000198464.13,ZNF480,18.429723047606135,54.19482866755115
ENSG00000198554.11,WDHD1,5.581513693744516,46.3118602440381
ENSG00000198589.10,LRBA,49.69172359643103,20.965316997389962
ENSG00000198612.10,COPS8,24.27686029192582,38.351632757905584
ENSG00000198663.16,C6orf89,11.917912606837463,38.99021575639335
ENSG00000198682.12,PAPSS2,12.381934537262229,52.80525028988407
ENSG00000198734.10,F5,2.308168209755863,88.09244498792654
ENSG00000198795.10,ZNF521,11.920271115915412,68.19789748296967
ENSG00000198839.9,ZNF277,18.21106110183165,31.34830022211206
ENSG00000198858.9,R3HDM4,288.3334630375856,15.97973209552249
ENSG00000198873.11,GRK5,59.298171988843414,17.038036305332742
ENSG00000198885.9,ITPRIPL1,3.794895285409941,87.40811750597561
ENSG00000198920.9,KIAA0753,9.886736512666303,55.71314793645582
ENSG00000203812.2,HIST2H2AA3,109.31174965634789,41.39888646223212
ENSG00000204084.12,INPP5B,20.678838774609737,38.795598505375544
ENSG00000204160.11,ZDHHC18,65.69896106298448,42.46702810357969
ENSG00000204390.9,HSPA1L,2.5273340684164443,72.95826748028128
ENSG00000204397.7,CARD16,308.9394987783039,20.5636225013729
ENSG00000204577.11,LILRB3,37.65318628095481,49.90729152555191
ENSG00000204922.4,UQCC3,5.2650745251195925,52.79986367860448
ENSG00000205423.11,CNEP1R1,11.417781886091037,61.97503641114011
ENSG00000206052.10,DOK6,4.721092987017321,88.31024257586061
ENSG00000211584.13,SLC48A1,12.072971040399876,38.05958676005371
ENSG00000211673.2,IGLV3-1,25.640367246563805,74.2760223754625
ENSG00000211890.3,IGHA2,8.749890251885454,82.91996182348687
ENSG00000213064.9,SFT2D2,29.4731580716586,37.978323879619005
ENSG00000213366.12,GSTM2,27.274415272809037,60.852049354227894
ENSG00000213585.10,VDAC1,40.908412866085165,31.42802326179578
ENSG00000213918.10,DNASE1,6.09453662895836,95.0266706599843
ENSG00000213965.3,NUDT19,5.114831699246352,38.25689718426986
ENSG00000214401.4,KANSL1-AS1,17.48069625039934,75.11937477704838
ENSG00000214517.8,PPME1,22.434300753161853,44.30278873648806
ENSG00000214941.7,ZSWIM7,34.458447572157716,38.89493247501887
ENSG00000215067.9,ALOX12-AS1,11.938190671693045,66.9270862838337
ENSG00000215712.10,TMEM242,3.2730907344216336,60.896524895885904
ENSG00000219200.11,RNASEK,783.4204562584877,13.108359636706256
ENSG00000220008.3,LINGO3,6.465750146870889,57.94669561335323
ENSG00000221909.2,FAM200A,1.7954779909478045,65.04107294586625
ENSG00000221926.11,TRIM16,9.300839456958222,67.70487383168351
ENSG00000224470.7,ATXN1L,16.115163958376087,34.62081856134053
ENSG00000225663.7,FAM195B,90.25841740175638,33.296258687807594
ENSG00000226777.7,KIAA0125,15.880845555705092,86.7072998251252
ENSG00000226950.6,DANCR,11.016657891813349,53.78069782607293
ENSG00000227191.7,TRGC2,9.772701308023091,47.794916566884204
ENSG00000229833.9,PET100,176.37727933070585,35.293323567937286
ENSG00000231389.7,HLA-DPA1,490.099889332973,23.856435376006694
ENSG00000232119.7,MCTS1,21.506117723740473,38.75033538125272
ENSG00000232859.9,LYRM9,9.16236473365352,75.92434077154762
ENSG00000232995.7,RGS5,0.02723807810590535,176.77675000000002
ENSG00000235863.3,B3GALT4,10.497891754581914,45.55439556708029
ENSG00000237765.6,FAM200B,43.923418374714835,35.18007462539141
ENSG00000239305.6,RNF103,8.800269464308336,43.895719577027855
ENSG00000239779.6,WBP1,30.116713693398168,42.27085497298863
ENSG00000240344.8,PPIL3,36.967612508130784,48.42620784491821
ENSG00000241399.6,CD302,10.832128587341163,33.57612516641882
ENSG00000241489.7,AF011889.5,14.86190228999515,93.52740162948923
ENSG00000241978.9,AKAP2,98.27530329859816,23.76646845228726
ENSG00000243335.8,KCTD7,6.228997567383245,56.2756271394762
ENSG00000244274.7,DBNDD2,15.782590992012864,50.209031982200166
ENSG00000245910.8,SNHG6,73.14193162374421,76.05961359414404
ENSG00000250722.5,SEPP1,58.61522443556002,29.34223248257756
ENSG00000251369.8,ZNF550,4.9446761883737205,94.91496591967923
ENSG00000254673.1,RP11-598P20.5,18.725881122367113,92.2820348221874
ENSG00000254858.9,MPV17L2,8.14709851622281,64.1694891431832
ENSG00000255112.2,CHMP1B,29.639668524148785,20.388610524351407
ENSG00000255737.2,AGAP2-AS1,5.438278408831337,96.82263213785717
ENSG00000256087.6,ZNF432,4.413542620301446,74.2968374506974
ENSG00000257218.5,GATC,15.043647234672102,59.94514290275586
ENSG00000257335.8,MGAM,5.449423019530714,73.08888273891215
ENSG00000257621.7,PSMA3-AS1,6.253269091877329,79.4009752226723
ENSG00000258227.6,CLEC5A,3.666766545976445,87.70877818059267
ENSG00000258555.5,SPECC1L-ADORA2A,7.078651129361927,88.34794932290765
ENSG00000259431.5,THTPA,11.044208295217786,67.1250282065339
ENSG00000260592.1,CTA-363E6.6,28.694602280643828,56.34674254943245
ENSG00000262919.7,FAM58A,26.13380076802473,43.26679970679035
ENSG00000263155.5,MYZAP,33.17480920221712,37.57583083183113
ENSG00000263335.1,AF001548.5,8.157520168652173,75.19330651161371
ENSG00000263956.5,NBPF11,1.6746524830140863,61.66317961461683
ENSG00000264247.1,LINC00909,2.095747302052263,104.95562347464994
ENSG00000265479.5,DTX2P1-UPK3BP1-PMS2P11,5.287192080236058,63.545277198589666
ENSG00000266964.5,FXYD1,22.582886732491833,64.57473142290725
ENSG00000269888.1,RP11-3P17.5,278.20729396817427,62.18366473376925
ENSG00000271254.6,AC240274.1,4.448852563990267,60.95451596017407
ENSG00000271425.6,NBPF10,1.64616009319619,59.39548591630175
ENSG00000272636.3,DOC2B,13.74514386086611,81.213609840262
ENSG00000273703.1,HIST1H2BM,387.9413168645156,29.70633186512219
ENSG00000275714.1,HIST1H3A,149.5178054171967,30.112293966146083
ENSG00000276231.4,PIK3R6,3.8836880160765537,83.64516476933052
ENSG00000276410.2,HIST1H2BB,163.6530141615428,27.51178001011759
ENSG00000277775.1,HIST1H3F,389.1613046086268,25.056561140652224
ENSG00000279928.1,FO538757.3,19.90870745314015,70.88476709428646
ENSG00000282682.1,C11orf71,16.168994047043597,102.38912684060607
